CBSA_Name,NatWalkInd,D4A,Composite_VMT
"Aberdeen, SD",7.504761904771429,-99999.0,7391419.828571429
"Aberdeen, WA",10.134408602145163,-31940.610161290322,4043594.435483871
"Abilene, TX",7.265476190464286,-99999.0,25433343.307142857
"Ada, OK",7.00520833346875,-99999.0,8410381.53125
"Adrian, MI",5.967078189320988,-99999.0,12858951.111111112
"Aguadilla-Isabela, PR",3.596573208724299,-99999.0,0.0
"Akron, OH",7.407716049444445,-99811.67335185184,110057483.41111112
"Alamogordo, NM",6.386524822914894,-99999.0,6649505.765957447
"Albany, GA",6.950793650609524,-99999.0,21024120.22857143
"Albany-Lebanon, OR",8.952380952297618,-54526.62892857143,20186115.166666668
"Albany-Schenectady-Troy, NY",9.656490649039604,-49752.63658415841,64989884.927392736
"Albemarle, NC",6.173913043456522,-99999.0,12452159.543478262
"Albert Lea, MN",6.440860214709677,-99999.0,8535299.483870968
"Albertville, AL",5.746153846107692,-99999.0,16180422.707692308
"Albuquerque, NM",11.1350782190361,-34454.4328700361,91683695.88267148
"Alexander City, AL",4.709219858170213,-99999.0,5226608.872340426
"Alexandria, LA",6.077380952348214,-99999.0,16956115.23214286
"Alexandria, MN",6.43333333332,-99999.0,10881450.96
"Alice, TX",6.650406504073171,-99999.0,9235128.07317073
"Allentown-Bethlehem-Easton, PA-NJ",10.193674484722814,-50932.35025586354,97029537.98933902
"Alma, MI",5.463963963972972,-99999.0,8237796.918918919
"Alpena, MI",6.299019608117647,-99999.0,2928124.7352941176
"Altoona, PA",8.196969697218181,-99999.0,21449323.48181818
"Altus, OK",7.311594202695653,-99999.0,4911508.521739131
"Amarillo, TX",10.608877721874372,-36306.65396984924,52839111.98492462
"Americus, GA",6.224137930862069,-99999.0,5017746.482758621
"Ames, IA",7.320675105493671,-99999.0,42173751.594936706
"Amsterdam, NY",5.825203252024391,-99999.0,12870945.658536585
"Anchorage, AK",9.739803094101266,-43576.55345991561,35633434.729957804
"Andrews, TX",8.833333333545454,-99999.0,14054903.181818182
"Angola, IN",5.575268817483871,-99999.0,12392983.41935484
"Ann Arbor, MI",9.816593886489082,-42050.40358078603,128566676.32751092
"Anniston-Oxford, AL",5.637037037022222,-99999.0,14446179.688888889
"Appleton, WI",7.344720496956521,-99999.0,94788711.77639751
"Arcadia, FL",6.012820512884615,-99999.0,6626186.846153846
"Ardmore, OK",7.274305555666667,-99999.0,10137082.6875
"Arecibo, PR",3.577956989290323,-99999.0,0.0
"Arkadelphia, AR",6.315789473842105,-99999.0,5726216.7894736845
"Asheville, NC",7.982183908141379,-78848.1286551724,38009767.85862069
"Ashland, OH",6.546511628023256,-99999.0,15618558.11627907
"Ashtabula, OH",6.136524822617021,-99999.0,9848306.574468086
"Astoria, OR",10.04629629613889,-44067.107777777775,2836926.5555555555
"Atchison, KS",6.1041666669375,-99999.0,7319561.25
"Athens, OH",7.7028985509565215,-73790.64152173913,7485455.369565218
"Athens, TN",5.583333333294117,-99999.0,18603578.911764707
"Athens, TX",5.225308642,-99999.0,9610832.851851853
"Athens-Clarke County, GA",6.3789308175660375,-99999.0,50058654.73584906
"Atlanta-Sandy Springs-Alpharetta, GA",8.432885906017198,-67666.92081795301,291439702.34731543
"Atlantic City-Hammonton, NJ",11.49342105267763,-31243.774802631575,53004949.381578945
"Atmore, AL",5.833333333366666,-99999.0,3376568.7333333334
"Auburn, IN",6.210784313794117,-99999.0,29518489.029411763
"Auburn, NY",7.745614034894737,-60366.911710526314,12483408.578947369
"Auburn-Opelika, AL",6.340090090094595,-99999.0,29972246.094594594
"Augusta-Richmond County, GA-SC",6.363211951478992,-99999.0,48349740.75630252
"Augusta-Waterville, ME",6.792079207980199,-99999.0,14042678.91089109
"Austin, MN",7.540404040333334,-87792.15848484848,11988962.151515152
"Austin-Round Rock-Georgetown, TX",9.531058143833151,-58823.4914084507,340014524.8255688
"Bainbridge, GA",5.706349205952381,-99999.0,6414581.80952381
"Bakersfield, CA",10.302428256260486,-36280.67799116998,73045332.4768212
"Baltimore-Columbia-Towson, MD",10.203451995660194,-45726.34835598705,215060077.33786407
"Bangor, ME",6.455840455871795,-99999.0,14344007.11965812
"Baraboo, WI",6.478070175236843,-99999.0,22542652.210526317
"Bardstown, KY",5.434782608478261,-99999.0,33371456.173913043
"Barnstable Town, MA",8.929059829153847,-71071.14035897436,13364931.55897436
"Barre, VT",9.365384615596154,-53582.936538461545,8816887.846153846
"Bartlesville, OK",6.992248062255815,-99999.0,11222452.372093024
"Batavia, NY",5.812865496982456,-99999.0,19799896.350877192
"Batesville, AR",5.369565217347826,-99999.0,5004008.478260869
"Baton Rouge, LA",6.4324596774254035,-99999.0,124810216.21572581
"Battle Creek, MI",6.169540229948276,-99999.0,28948997.19827586
"Bay City, MI",7.325757575818182,-99999.0,25760426.375
"Bay City, TX",6.564814814611111,-99999.0,4187613.638888889
"Beatrice, NE",7.416666666545454,-99999.0,6271824.954545454
"Beaumont-Port Arthur, TX",6.820927723841423,-99999.0,38588477.508090615
"Beaver Dam, WI",6.422885572179105,-99999.0,27726068.91044776
"Beckley, WV",6.1035087718421055,-99999.0,10889452.726315789
"Bedford, IN",6.282051281999999,-99999.0,8134319.282051282
"Beeville, TX",6.847222222333333,-99999.0,5017801.416666667
"Bellefontaine, OH",6.128205128076923,-99999.0,13070611.17948718
"Bellingham, WA",7.250825082643565,-99999.0,32002505.722772278
"Bemidji, MN",5.843434343484848,-99999.0,8402081.030303031
"Bend, OR",9.380392156623529,-66901.08411764706,30334521.02352941
"Bennettsville, SC",5.333333333333333,-99999.0,7685051.458333333
"Bennington, VT",8.580952380857143,-62661.66885714286,4700020.485714286
"Berlin, NH",6.481481481416667,-99999.0,1426812.638888889
"Big Rapids, MI",6.3686868685454545,-84741.44363636363,5858914.7272727275
"Big Spring, TX",7.470238095571429,-99999.0,7287136.785714285
"Big Stone Gap, VA",5.9739583333125,-99999.0,5975152.8125
"Billings, MT",7.719638242813954,-98435.31023255814,31890536.837209303
"Binghamton, NY",6.776859504194215,-95418.02904958678,21294821.103305787
"Birmingham-Hoover, AL",8.4474885845,-66260.22667123287,101826393.57123287
"Bismarck, ND",7.824675324519481,-99999.0,44670214.02597403
"Blackfoot, ID",5.6888888891,-99999.0,11183017.166666666
"Blacksburg-Christiansburg, VA",8.097345132566371,-62656.433628318584,15096981.21238938
"Bloomington, IL",10.535947712068628,-39950.304019607844,60656279.8627451
"Bloomington, IN",8.985576922942307,-56551.96201923077,31654649.08653846
"Bloomsburg-Berwick, PA",6.872395833265625,-99999.0,18295892.09375
"Bluefield, WV-VA",6.0347985348021975,-99999.0,6971042.560439561
"Blytheville, AR",6.244186046488372,-99999.0,5024622.186046512
"Bogalusa, LA",5.333333333300001,-99999.0,7426633.933333334
"Boise City, ID",10.768142681361624,-50274.27453874539,131303507.37638377
"Bonham, TX",5.283333333233333,-99999.0,8782028.966666667
"Boone, NC",6.7944444444,-99999.0,9059683.866666667
"Borger, TX",6.34090909109091,-99999.0,5346854.090909091
"Boston-Cambridge-Newton, MA-NH",9.742913251344262,-54058.40856045082,198746582.91188523
"Boulder, CO",12.292321116842931,-20511.706649214662,99587986.64397906
"Bowling Green, KY",5.867601246214954,-99999.0,28063884.85046729
"Bozeman, MT",9.767295597735849,-67784.54962264151,26332693.698113207
"Bradford, PA",6.3529411762941175,-99999.0,4898227.176470588
"Brainerd, MN",6.0000000001038964,-99999.0,6038538.909090909
"Branson, MO",6.509803921676471,-99999.0,12647497.735294119
"Breckenridge, CO",7.113636363681818,-95402.01863636365,4918028.590909091
"Bremerton-Silverdale-Port Orchard, WA",9.038065843598766,-49135.199506172845,15001554.222222222
"Brenham, TX",6.972222222375,-99999.0,16490769.375
"Brevard, NC",6.29333333316,-99999.0,5315695.6
"Bridgeport-Stamford-Norwalk, CT",9.86215753422089,-52494.06080479452,174007958.03253424
"Brookhaven, MS",4.929487179192308,-99999.0,8019346.615384615
"Brookings, OR",7.872549019352941,-76296.58235294117,1904303.4705882352
"Brookings, SD",6.944444444857143,-99999.0,9468709.61904762
"Brownsville, TN",4.9555555556,-99999.0,11715321.666666666
"Brownsville-Harlingen, TX",6.960388639829596,-99999.0,61413165.5470852
"Brownwood, TX",6.7580645159677415,-99999.0,7492026.29032258
"Brunswick, GA",6.444444444541666,-99999.0,11334222.208333334
"Bucyrus-Galion, OH",6.695652173586956,-99999.0,10405879.369565217
"Buffalo-Cheektowaga, NY",11.00172811062788,-29752.12934331797,100873506.82603687
"Burley, ID",6.561904761771429,-99999.0,6048820.314285714
"Burlington, IA-IL",10.653846153807693,-38290.57384615385,10074255.884615384
"Burlington, NC",6.778761061955752,-98211.49362831858,48795748.203539826
"Burlington-South Burlington, VT",9.330882353014704,-51959.718235294116,26542178.68382353
"Butte-Silver Bow, MT",13.6862745105,-14366.708235294118,7961979.147058823
"Cadillac, MI",6.0,-99999.0,4895927.324324325
"Calhoun, GA",5.649425287310344,-99999.0,28585418.79310345
"California-Lexington Park, MD",5.833333333303571,-99999.0,13821673.32142857
"Cambridge, MD",5.433333333466666,-99999.0,8363306.566666666
"Cambridge, OH",5.8428571428,-99999.0,9266227.228571428
"Camden, AR",5.596774193645161,-99999.0,3516332.806451613
"Campbellsville, KY",5.10416666665625,-99999.0,7985167.21875
"Canton-Massillon, OH",7.119047619054945,-99999.0,79032534.46520147
"Cape Coral-Fort Myers, FL",9.381047051015905,-51390.57284294235,40254074.35188867
"Cape Girardeau, MO-IL",6.429824561276316,-99999.0,16500031.80263158
"Carbondale-Marion, IL",6.369747899084033,-99999.0,14334798.403361345
"Carlsbad-Artesia, NM",7.678571428690477,-99999.0,8606899.642857144
"Carroll, IA",7.471014492913043,-99999.0,5284401.826086956
"Carson City, NV",9.587301587238095,-68784.10071428571,20152554.333333332
"Casper, WY",8.921985815297873,-93550.54148936171,21405321.78723404
"Cañon City, CO",6.527777778027778,-91586.58666666667,4157346.4444444445
"Cedar City, UT",7.84000000012,-99999.0,9330611.84
"Cedar Rapids, IA",10.379734848579545,-42356.728693181816,69867406.77272727
"Cedartown, GA",5.95833333334375,-99999.0,9537370.0625
"Celina, OH",6.17171717169697,-99999.0,13021845.393939395
"Central City, KY",4.614942528724138,-99999.0,5965211.551724138
"Centralia, IL",6.250000000047619,-99999.0,5691030.023809524
"Centralia, WA",6.054644808754098,-96692.51049180327,7742843.065573771
"Chambersburg-Waynesboro, PA",6.664794007595505,-99999.0,20688486.73033708
"Champaign-Urbana, IL",10.525219298085526,-41286.41664473684,37005544.328947365
"Charleston, WV",6.424892703858369,-99999.0,23296119.111587983
"Charleston-Mattoon, IL",6.389830508457627,-99999.0,10452239.86440678
"Charleston-North Charleston, SC",9.017902813391304,-62438.288491048595,113075730.13554987
"Charlotte-Concord-Gastonia, NC-SC",8.261054421831632,-71621.16509475218,169617550.30247813
"Charlottesville, VA",8.795061728340741,-60561.65511111111,39133136.6962963
"Chattanooga, TN-GA",7.27302025788674,-79171.93314917127,60619892.483425416
"Cheyenne, WY",7.8840579708695655,-99999.0,23770974.826086957
"Chicago-Naperville-Elgin, IL-IN-WI",9.070474137976293,-68697.41606465518,231492034.08620688
"Chico, CA",7.0230496453191495,-96782.36085106383,14737538.34574468
"Chillicothe, OH",5.494535519032787,-99999.0,12267133.655737706
"Cincinnati, OH-KY-IN",9.300851254443549,-51697.62114247312,106833759.33400537
"Clarksburg, WV",6.544176707108433,-99999.0,11497705.903614458
"Clarksdale, MS",6.3402777781249995,-99999.0,4998123.583333333
"Clarksville, TN-KY",5.732258064477419,-99999.0,26697287.19354839
"Clearlake, CA",9.440972222291666,-41401.77,2799164.6875
"Cleveland, MS",5.845238095428571,-99999.0,6382996.571428572
"Cleveland, TN",6.05808080819697,-99999.0,44590886.40909091
"Cleveland-Elyria, OH",10.538509316754038,-35509.143583850935,145904779.88881987
"Clewiston, FL",6.166666666759999,-99999.0,5428487.28
"Clinton, IA",9.2291666663125,-54044.194375,14211332.666666666
"Clovis, NM",7.841666666499999,-99999.0,9941955.025
"Coamo, PR",3.9999999999565214,-99999.0,0.0
"Coco, PR",4.391304347782609,-99999.0,0.0
"Coeur d'Alene, ID",7.664021163936508,-99999.0,35165408.3015873
"Coffeyville, KS",6.445945945891892,-99999.0,4164285.5945945946
"Coldwater, MI",5.361111111047618,-99999.0,7897144.333333333
"College Station-Bryan, TX",6.998834498951049,-99999.0,66305405.74125874
"Colorado Springs, CO",10.713827838901098,-49999.057005494506,61888417.71703297
"Columbia, MO",7.346846846891891,-99999.0,49049803.468468465
"Columbia, SC",8.495605138612575,-58585.35060851927,86020936.69371197
"Columbus, GA-AL",6.681518151826733,-99999.0,34852238.202970296
"Columbus, IN",6.528248587745763,-99999.0,37519102.220338985
"Columbus, MS",6.685606060545454,-99999.0,13461209.045454545
"Columbus, NE",7.898809523785714,-99999.0,14271297.214285715
"Columbus, OH",9.428853754973913,-57714.581320158104,194407560.28379446
"Concord, NH",6.690235690313131,-99999.0,28683340.424242426
"Connersville, IN",6.5256410256538455,-99999.0,5266453.884615385
"Cookeville, TN",5.31249999996875,-99999.0,20994600.421875
"Coos Bay, OR",9.286458333125,-49692.90765625,2906836.375
"Cordele, GA",6.4333333331,-99999.0,4642368.9
"Corinth, MS",5.691358024666666,-99999.0,8700188.962962963
"Cornelia, GA",6.51282051276923,-99999.0,19888798.03846154
"Corning, NY",6.388278388230769,-91132.34901098901,7939878.560439561
"Corpus Christi, TX",10.883333333132143,-30376.452250000002,70791285.925
"Corsicana, TX",6.1999999999428566,-99999.0,12337044.485714287
"Cortland, NY",6.4275362320000005,-99999.0,9385353.152173912
"Corvallis, OR",11.101851851981483,-29339.874444444446,25185621.407407407
"Coshocton, OH",5.999999999787878,-99999.0,6718514.333333333
"Craig, CO",6.577777777933333,-99999.0,1952036.0
"Crawfordsville, IN",5.8480392157058825,-99999.0,14344073.852941176
"Crescent City, CA",8.69166666685,-54825.507,4024350.5
"Crestview-Fort Walton Beach-Destin, FL",7.286163522012578,-99999.0,16070762.427672956
"Crossville, TN",5.32812499984375,-99999.0,11657454.65625
"Cullman, AL",5.330645161112903,-99999.0,14303806.451612903
"Cullowhee, NC",5.872807017526315,-99999.0,5193441.868421053
"Cumberland, MD-WV",8.50234741771831,-57494.715070422535,11476619.61971831
"Dallas-Fort Worth-Arlington, TX",7.771473601201733,-82401.19852639874,323234023.6903073
"Dalton, GA",5.347079037824742,-99999.0,28060842.154639177
"Danville, IL",6.603535353590909,-99999.0,12696942.242424242
"Danville, KY",5.890243902560976,-85272.85536585365,16529540.707317073
"Danville, VA",5.70281124486747,-99999.0,15736390.024096385
"Daphne-Fairhope-Foley, AL",6.4503546099787235,-99999.0,27061374.893617023
"Davenport-Moline-Rock Island, IA-IL",7.218614718590908,-99999.0,56153271.22402597
"Dayton, TN",5.324561403578947,-99999.0,17875134.94736842
"Dayton-Kettering, OH",10.045676998311583,-44257.84112561175,96802863.98694943
"DeRidder, LA",4.913043478086957,-99999.0,6959269.304347826
"Decatur, AL",5.487421383632075,-99999.0,26693769.70754717
"Decatur, IL",7.018518518585858,-99999.0,25210157.585858587
"Decatur, IN",5.7611111113,-99999.0,15254646.2
"Defiance, OH",6.004629629527778,-99999.0,11265703.805555556
"Del Rio, TX",7.616161616090909,-99999.0,10038086.0
"Deltona-Daytona Beach-Ormond Beach, FL",10.113748763637982,-43893.5478041543,46435431.81602374
"Deming, NM",7.568627451529412,-99999.0,3757956.882352941
"Denver-Aurora-Lakewood, CO",11.737889983603448,-32946.69501847291,231715055.87438422
"Des Moines-West Des Moines, IA",10.327894327825176,-44238.535501165505,136928179.011655
"Detroit-Warren-Dearborn, MI",8.886936064201771,-71628.22770550789,185779696.65734845
"Dickinson, ND",7.60666666656,-99999.0,11610967.28
"Dixon, IL",5.999999999947368,-99999.0,7981312.868421053
"Dodge City, KS",7.07142857147619,-99999.0,13688032.0
"Dothan, AL",5.922727272727273,-99999.0,20444577.98181818
"Douglas, GA",5.6313131314545455,-99999.0,8488881.787878787
"Dover, DE",8.282407407180555,-55279.008611111116,49371418.25
"DuBois, PA",6.270833333214285,-99999.0,8384818.142857143
"Dublin, GA",5.588235294,-99999.0,5802391.2549019605
"Dubuque, IA",7.365384615525641,-99999.0,33783918.525641024
"Duluth, MN-WI",8.725524475423077,-63515.78136363636,21098208.653846152
"Dumas, TX",7.811111110866666,-99999.0,9534304.8
"Duncan, OK",6.733333333428572,-99999.0,8812767.485714287
"Durango, CO",6.681818181575758,-96945.23727272727,7307288.545454546
"Durant, OK",5.994623655967741,-99999.0,13361892.322580645
"Durham-Chapel Hill, NC",8.727419354645162,-58833.39851612903,100221740.89677419
"Dyersburg, TN",5.288461538576923,-99999.0,12310451.076923076
"Eagle Pass, TX",7.339080460172414,-99999.0,16861652.96551724
"East Stroudsburg, PA",7.265957446627659,-81804.41659574468,20476889.44680851
"Easton, MD",6.964285713964286,-99999.0,10845713.535714285
"Eau Claire, WI",7.114583333223215,-99999.0,30671574.776785713
"Edwards, CO",8.850574712413792,-65406.706896551725,7603125.172413793
"Effingham, IL",6.7133333334400005,-99999.0,14654849.12
"El Campo, TX",6.809523809514285,-99999.0,12019758.514285713
"El Centro, CA",8.52982456148421,-83030.82852631579,22120539.515789475
"El Dorado, AR",6.341463414585366,-99999.0,7139589.292682927
"El Paso, TX",11.447074293258384,-19761.208441814597,134359789.95857987
"Elizabeth City, NC",6.617117117,-99999.0,6808042.837837838
"Elizabethtown-Fort Knox, KY",5.649831649858586,-99999.0,26535663.90909091
"Elk City, OK",8.212962962722223,-99999.0,5380944.944444444
"Elkhart-Goshen, IN",6.579124579191919,-99999.0,75120143.2020202
"Elkins, WV",5.962962962962963,-99999.0,4373350.444444444
"Elko, NV",5.828828828810811,-99999.0,5348653.567567567
"Ellensburg, WA",7.02666666664,-99999.0,7746885.6
"Elmira, NY",6.9078431371411755,-96441.30211764705,13581468.952941176
"Emporia, KS",7.2107843140000005,-99999.0,8662643.411764706
"Enid, OK",7.622222222422223,-99999.0,11902365.711111112
"Enterprise, AL",5.686868686878787,-99999.0,12144901.272727273
"Erie, PA",10.996392496229436,-30462.360129870132,31136642.948051948
"Escanaba, MI",6.072222222566666,-99999.0,5057068.1
"Española, NM",4.844827586206897,-99999.0,4188720.0689655175
"Eufaula, AL-GA",5.140000000080001,-99999.0,2125764.68
"Eugene-Springfield, OR",10.75413223140496,-34374.7120661157,44711342.95867769
"Eureka-Arcata, CA",10.342948718211538,-35253.086634615385,10598418.836538462
"Evanston, WY",6.979166666375,-99999.0,2853861.25
"Evansville, IN-KY",7.084306095992218,-99999.0,45888935.17120623
"Fairbanks, AK",6.416666666532258,-99999.0,8015010.338709678
"Fairfield, IA",7.076923077,-99999.0,8807981.153846154
"Fairmont, MN",6.563492063142857,-99999.0,4421607.0
"Fairmont, WV",6.830409356982456,-99999.0,12319439.719298245
"Fallon, NV",5.944444444722222,-99999.0,2879088.611111111
"Fargo, ND-MN",11.672794117382352,-28398.65088235294,77087182.09558824
"Faribault-Northfield, MN",7.134920635023811,-99999.0,39973225.333333336
"Farmington, MO",7.193798449976744,-99999.0,14436339.441860465
"Farmington, NM",7.73711340198969,-57461.94103092784,12871519.13402062
"Fayetteville, NC",6.314946619199288,-99999.0,40228224.836298935
"Fayetteville-Springdale-Rogers, AR",7.058748403662835,-91518.80260536399,67222400.00766283
"Fergus Falls, MN",5.870370370444444,-99999.0,4586958.240740741
"Fernley, NV",5.018518518481482,-99999.0,3408106.814814815
"Findlay, OH",7.268817204387097,-99999.0,24064100.241935484
"Fitzgerald, GA",6.411111110933333,-99999.0,5323442.133333334
"Flagstaff, AZ",7.9070175437157895,-66118.72989473684,11524148.47368421
"Flint, MI",9.030017921271504,-50591.05798387097,45089712.31451613
"Florence, SC",6.05658436208642,-99999.0,22873307.716049384
"Florence-Muscle Shoals, AL",6.48179271715126,-99999.0,17645245.831932772
"Fond du Lac, WI",6.976744186220929,-99999.0,34967064.81395349
"Forest City, NC",6.028846153730769,-99999.0,6329721.75
"Forrest City, AR",5.0679012345925925,-99999.0,4893593.555555556
"Fort Collins, CO",10.275089605548388,-47537.173548387094,55020540.39784946
"Fort Dodge, IA",10.324561403657894,-39316.80210526316,8908322.97368421
"Fort Leonard Wood, MO",5.7816091953793105,-99999.0,5781046.586206896
"Fort Madison-Keokuk, IA-IL-MO",6.505291005142857,-99999.0,5452997.26984127
"Fort Morgan, CO",6.46000000008,-99999.0,4884124.8
"Fort Payne, AL",5.066037735792453,-99999.0,7398645.226415094
"Fort Polk South, LA",4.401515151477273,-99999.0,4168236.2954545454
"Fort Smith, AR-OK",6.779141104276074,-99999.0,30187505.73619632
"Fort Wayne, IN",9.537100456647261,-46658.907123287674,73409430.31849316
"Frankfort, IN",6.057291666375,-99999.0,15095047.4375
"Frankfort, KY",6.633986928215686,-96033.10843137256,41337853.39215686
"Fredericksburg, TX",6.62499999975,-99999.0,7417871.25
"Freeport, IL",6.374999999854167,-99999.0,12175566.541666666
"Fremont, NE",8.33333333334375,-93678.82125,30055298.9375
"Fremont, OH",6.669491525474577,-99999.0,19446637.84745763
"Fresno, CA",11.103951889840205,-31785.959261168384,110627555.01202749
"Gadsden, AL",6.2389558231927715,-99999.0,19436430.1686747
"Gaffney, SC",5.711382113609756,-99999.0,25168516.780487806
"Gainesville, FL",8.871453900542553,-52930.345106382985,31827138.36170213
"Gainesville, GA",6.2555555555555555,-99999.0,104536837.74444444
"Gainesville, TX",6.5722222222,-99999.0,16245503.033333333
"Galesburg, IL",6.111111111052632,-99999.0,9132698.403508771
"Gallup, NM",5.157232704150943,-86690.79867924529,4364689.641509434
"Garden City, KS",7.919191919242425,-99999.0,13044761.484848484
"Gardnerville Ranchos, NV",6.4375,-81100.7425,6526440.40625
"Georgetown, SC",6.351449275369566,-99999.0,12916696.260869564
"Gettysburg, PA",7.357575757436363,-81736.33545454546,30884974.072727274
"Gillette, WY",6.895238095342857,-99999.0,9522282.142857144
"Glasgow, KY",5.0189393937954545,-99999.0,11225152.25
"Glens Falls, NY",6.191756272311828,-99999.0,14024296.731182795
"Glenwood Springs, CO",9.272108843632653,-63073.413265306124,6337861.448979592
"Gloversville, NY",6.584848484727273,-99999.0,7672096.2727272725
"Goldsboro, NC",5.766666666653333,-99999.0,20384500.293333333
"Granbury, TX",6.127777777933333,-99999.0,27909604.4
"Grand Forks, ND-MN",10.569444444785713,-46235.54452380953,14034112.92857143
"Grand Island, NE",7.655367231610169,-99999.0,20537742.15254237
"Grand Junction, CO",7.668582375827586,-97676.92632183908,19655247.022988506
"Grand Rapids, MN",5.191056910609756,-99999.0,3913623.6341463416
"Grand Rapids-Kentwood, MI",8.648997890330696,-60545.938591772145,144960253.29746836
"Grants Pass, OR",8.192307692634616,-63241.37288461539,10678320.596153846
"Grants, NM",5.5317460317142855,-99999.0,2117701.8571428573
"Great Bend, KS",7.5277777777,-99999.0,4968536.0
"Great Falls, MT",8.111111111430555,-99999.0,16369535.319444444
"Greeley, CO",7.3053949904219655,-98247.60283236994,56990562.60115607
"Green Bay, WI",6.847792998474886,-99999.0,81199230.47488585
"Greeneville, TN",4.6527777779375,-99999.0,19567332.041666668
"Greensboro-High Point, NC",7.06156156154955,-92960.62786036037,105200382.9436937
"Greensburg, IN",6.214285714380953,-99999.0,14538668.476190476
"Greenville, MS",7.540880503113208,-99999.0,6804873.20754717
"Greenville, NC",7.028368794382979,-99999.0,35958392.4680851
"Greenville, OH",5.958333333038462,-99999.0,11795446.461538462
"Greenville-Anderson, SC",7.759186351765748,-77602.45415354331,78856422.09645669
"Greenwood, MS",6.210526315973684,-99999.0,6459054.657894737
"Greenwood, SC",6.602040816285715,-99999.0,17219576.81632653
"Grenada, MS",6.441176470764706,-99999.0,6896866.705882353
"Guayama, PR",3.9259259259074075,-99999.0,0.0
"Gulfport-Biloxi, MS",6.553166069261649,-99999.0,29965126.659498207
"Guymon, OK",6.87499999935,-99999.0,4615860.2
"Hagerstown-Martinsburg, MD-WV",6.710526315783626,-97639.59976608187,39302873.578947365
"Hailey, ID",9.230769230692307,-61419.00230769231,3748617.230769231
"Hammond, LA",5.919191919075757,-99999.0,38530917.06060606
"Hanford-Corcoran, CA",10.740506329329115,-27469.762911392405,27171476.96202532
"Hannibal, MO",7.094594594540541,-99999.0,8467125.18918919
"Harrisburg-Carlisle, PA",10.117586912082823,-55008.12049079755,104371521.8619632
"Harrison, AR",5.9388888887,-99999.0,6619420.3
"Harrisonburg, VA",8.321917807958904,-64234.93506849315,36738193.04109589
"Hartford-East Hartford-Middletown, CT",9.750807102508475,-42728.04110169492,164747573.21912834
"Hastings, NE",7.6321839081379315,-99999.0,12721503.793103449
"Hattiesburg, MS",6.5961538461923075,-99999.0,20708778.519230768
"Hays, KS",8.39333333336,-99999.0,9778507.44
"Heber, UT",7.268115941913043,-97804.37956521739,24831489.108695652
"Helena, MT",7.491666666816667,-99999.0,14093176.883333333
"Helena-West Helena, AR",6.270833333333333,-99999.0,2448139.625
"Henderson, NC",6.474747474787879,-99999.0,9860970.909090908
"Hereford, TX",6.725490196352942,-99999.0,5392735.823529412
"Hermiston-Pendleton, OR",9.497777777933333,-46446.900266666664,6974535.0
"Hickory-Lenoir-Morganton, NC",5.8675034867364015,-99999.0,26444848.627615064
"Hillsdale, MI",4.869918699219513,-99999.0,6713948.463414635
"Hilo, HI",4.965846994508197,-99999.0,6473770.844262295
"Hilton Head Island-Bluffton, SC",6.511718750015625,-99999.0,16951355.7265625
"Hinesville, GA",5.1153846153076925,-99999.0,12809824.025641026
"Hobbs, NM",7.516666666633333,-99999.0,10422091.366666667
"Holland, MI",5.322368421013158,-99999.0,47267575.421052635
"Homosassa Springs, FL",6.865530302965909,-83961.35113636364,7937403.613636363
"Hood River, OR",10.055555555055555,-49771.88166666667,6879455.222222222
"Hope, AR",5.369047619178572,-99999.0,4544003.071428572
"Hot Springs, AR",7.3238095238285705,-99999.0,19243235.6
"Houghton, MI",6.1875000001250005,-99999.0,2334697.15
"Houma-Thibodaux, LA",6.2097505669115645,-99999.0,21497245.074829932
"Houston-The Woodlands-Sugar Land, TX",7.088259109361133,-98692.76023481782,393268541.988664
"Hudson, NY",6.063888888983333,-99999.0,6532554.666666667
"Huntingdon, PA",6.162500000275,-99999.0,4847928.775
"Huntington, IN",6.656565656727272,-99999.0,20174956.515151516
"Huntington-Ashland, WV-KY-OH",6.712328767023973,-99999.0,15059215.493150685
"Huntsville, AL",7.836894586901709,-69474.14243589743,71729776.32051282
"Huntsville, TX",5.45945945945946,-99999.0,27553065.216216218
"Huron, SD",7.210526316368421,-99999.0,3618554.0
"Hutchinson, KS",7.080459770310345,-99999.0,14388544.948275862
"Hutchinson, MN",6.517857142607143,-99999.0,11411719.357142856
"Idaho Falls, ID",7.213725490188235,-99999.0,36395512.52941176
"Indiana, PA",6.308080808045455,-99999.0,11730397.712121213
"Indianapolis-Carmel-Anderson, IN",9.312590031689714,-60744.58861711322,190695997.55834055
"Indianola, MS",6.313333333,-99999.0,5142126.32
"Iowa City, IA",8.582352941011765,-72822.42847058823,66026259.16470588
"Iron Mountain, MI-WI",6.465277777250001,-99999.0,5450996.166666667
"Ithaca, NY",6.499999999918033,-99999.0,20705306.426229507
"Jackson, MI",5.978371501335878,-99999.0,33171010.82442748
"Jackson, MS",7.540650406499999,-69834.26051219512,62433353.44634146
"Jackson, OH",5.794444444700001,-99999.0,4650058.2
"Jackson, TN",5.769720101801527,-99999.0,26033716.38167939
"Jackson, WY-ID",7.6203703701666665,-99999.0,6496533.0
"Jacksonville, FL",10.112225405934097,-50153.81799426934,124249614.10744986
"Jacksonville, IL",6.065789473342105,-99999.0,9345642.289473685
"Jacksonville, NC",5.8819444444687505,-99999.0,15102871.739583334
"Jacksonville, TX",4.952380952285715,-99999.0,13655984.485714287
"Jamestown, ND",7.301587301761905,-99999.0,5560445.476190476
"Jamestown-Dunkirk-Fredonia, NY",6.943019942940171,-99999.0,9371212.82905983
"Janesville-Beloit, WI",10.451149425293103,-35908.620862068965,49816618.1637931
"Jasper, AL",5.255747126551724,-99999.0,10295982.844827587
"Jasper, IN",5.833333333302326,-99999.0,12532963.139534883
"Jayuya, PR",3.111111111,-99999.0,0.0
"Jefferson City, MO",6.312121212163636,-99999.0,23506717.572727274
"Jefferson, GA",5.557471264310345,-99999.0,68002905.8275862
"Jennings, LA",6.173076922961538,-99999.0,10387314.5
"Jesup, GA",5.528985507434783,-99999.0,4975122.478260869
"Johnson City, TN",5.953488372015504,-99999.0,38570014.95348837
"Johnstown, PA",7.506830601057377,-99999.0,13539783.631147541
"Jonesboro, AR",6.504065040853658,-99999.0,30998563.414634146
"Joplin, MO",7.139705882375,-99999.0,20060199.99264706
"Juneau, AK",10.212121212090908,-31771.594545454544,3230001.8636363638
"Kahului-Wailuku-Lahaina, HI",6.626736111260417,-99999.0,16051932.208333334
"Kalamazoo-Portage, MI",6.811594202961957,-99999.0,55120048.89130435
"Kalispell, MT",7.285714285685715,-99999.0,11075255.971428571
"Kankakee, IL",6.765060241024096,-99999.0,40957008.807228915
"Kansas City, MO-KS",9.910607071390261,-52155.37375583723,159946244.9132755
"Kapaa, HI",6.059523809517857,-99999.0,5545693.928571428
"Kearney, NE",7.535714285928572,-97591.60023809524,15619299.095238095
"Keene, NH",6.742937853033899,-98288.55372881355,11862125.372881357
"Kendallville, IN",5.709523809457143,-99999.0,22621435.4
"Kennett, MO",7.045454545363636,-99999.0,3294373.393939394
"Kennewick-Richland, WA",10.460573476715053,-28663.678924731183,32477856.741935484
"Kerrville, TX",6.803030302818183,-99999.0,9919849.93939394
"Ketchikan, AK",7.153846153769231,-92238.57846153846,3786583.846153846
"Key West, FL",9.801169590754386,-57674.44912280702,4654013.842105263
"Kill Devil Hills, NC",6.1041666666562495,-99999.0,3190570.5
"Killeen-Temple, TX",6.926958831346614,-99999.0,39901185.43027888
"Kingsport-Bristol, TN-VA",6.073208722813083,-90124.03425233644,25863942.724299066
"Kingston, NY",6.302631578848684,-96681.14861842105,18077797.30263158
"Kingsville, TX",7.120000000160001,-99999.0,13687630.68
"Kinston, NC",6.296296296355556,-99999.0,15353176.155555556
"Kirksville, MO",6.289855072304348,-99999.0,3896256.8695652173
"Klamath Falls, OR",10.227272727287879,-36125.73181818181,5991844.106060606
"Knoxville, TN",7.035192563043825,-80375.20272908367,95769727.75896414
"Kokomo, IN",6.9166666665,-99999.0,31163600.833333332
"La Crosse-Onalaska, WI-MN",11.210069444083333,-40432.995208333334,34668908.302083336
"La Grande, OR",10.769230768961538,-34243.08423076923,3491708.3076923075
"LaGrange, GA-AL",6.14639639622973,-99999.0,14387670.986486487
"Laconia, NH",7.149305555291666,-99999.0,9254587.520833334
"Lafayette, LA",6.893640350878289,-99999.0,60540642.50986842
"Lafayette-West Lafayette, IN",9.201690821304348,-49793.10326086957,43459371.28985507
"Lake Charles, LA",6.9603174604013605,-99999.0,39571777.809523806
"Lake City, FL",6.491666666575,-99999.0,9175687.8
"Lake Havasu City-Kingman, AZ",7.39689265520339,-82137.26194915254,6878984.703389831
"Lakeland-Winter Haven, FL",8.077001013048633,-71572.50574468085,55321948.835866265
"Lamesa, TX",7.892857142928571,-99999.0,2442579.4285714286
"Lancaster, PA",7.161581920864407,-98294.96389830508,102456145.82372881
"Lansing-East Lansing, MI",8.940476190466667,-52163.87921428571,64502324.983333334
"Laramie, WY",7.820987654407407,-99999.0,11204110.111111112
"Laredo, TX",8.162729658614174,-99999.0,61072271.22834646
"Las Cruces, NM",7.4031007752558144,-95330.29317829458,33174207.372093022
"Las Vegas, NM",6.310344827586207,-99999.0,2323320.0689655175
"Las Vegas-Henderson-Paradise, NV",11.727192205497785,-25701.35119574845,264604610.6961913
"Laurel, MS",5.2025641026307685,-99999.0,11667496.215384616
"Laurinburg, NC",5.993827160592593,-99999.0,9005531.777777778
"Lawrence, KS",8.401639344409837,-88425.38557377049,92565105.13114753
"Lawrenceburg, TN",5.122222222366667,-99999.0,6667159.633333334
"Lawton, OK",7.215355805258427,-99999.0,20931801.146067414
"Lebanon, MO",5.452380952142858,-99999.0,6371930.428571428
"Lebanon, NH-VT",7.208781362080646,-85408.07204301076,5948903.424731183
"Lebanon, PA",7.739130434478261,-99999.0,61292521.04347826
"Levelland, TX",6.249999999833333,-99999.0,17115726.944444444
"Lewisburg, PA",6.634615384923077,-99999.0,18637707.384615384
"Lewisburg, TN",5.561403508684211,-99999.0,22180266.684210528
"Lewiston, ID-WA",7.081871345052631,-99999.0,6644989.771929825
"Lewiston-Auburn, ME",7.297435897307692,-99999.0,32741144.784615386
"Lewistown, PA",6.960526315868422,-99999.0,6513572.157894737
"Lexington, NE",6.7933333332400005,-99999.0,5534308.52
"Lexington-Fayette, KY",9.403112449858433,-47308.05246987952,98905217.63554217
"Liberal, KS",7.803921568705882,-99999.0,10856195.176470589
"Lima, OH",6.947463768152175,-99999.0,18706783.608695652
"Lincoln, IL",6.60919540237931,-99999.0,12688056.172413792
"Lincoln, NE",12.628787878626262,-18331.636565656565,83626524.63636364
"Little Rock-North Little Rock-Conway, AR",8.55604075705022,-65312.07613537118,89288435.84934498
"Lock Haven, PA",6.790476190971429,-99999.0,7718626.457142857
"Logan, UT-ID",7.236111110976191,-99999.0,26720899.523809522
"Logansport, IN",6.311965812,-99999.0,10712182.461538462
"London, KY",5.0967261905625,-99999.0,10932580.339285715
"Longview, TX",6.279088050268868,-99999.0,27589451.509433962
"Longview, WA",8.393574297192771,-51633.77108433735,12461473.289156627
"Los Alamos, NM",5.8645833333125,-99999.0,7060547.75
"Los Angeles-Long Beach-Anaheim, CA",11.40784545634713,-39080.21606741573,237318693.59018332
"Louisville/Jefferson County, KY-IN",9.786830793445487,-49692.32704572098,136989145.84525204
"Lubbock, TX",8.107424960502371,-99999.0,89049451.7914692
"Ludington, MI",6.1049382715185185,-99999.0,4207749.592592592
"Lufkin, TX",6.352564102557692,-99999.0,22639598.653846152
"Lumberton, NC",5.263257575738636,-99999.0,15107674.659090908
"Lynchburg, VA",7.955284552878049,-67027.19615853658,22747903.951219514
"Macomb, IL",5.622549019529411,-99999.0,4440941.235294118
"Macon-Bibb County, GA",6.349896480372671,-99999.0,22834705.9689441
"Madera, CA",8.916666666774999,-52206.28925,38927219.925
"Madison, IN",5.869565217478261,-99999.0,9111667.47826087
"Madison, WI",9.684303351058201,-55375.42470899471,90749056.16137566
"Madisonville, KY",5.426829268121951,-99999.0,9169863.56097561
"Magnolia, AR",5.863636364,-99999.0,8332780.0
"Malone, NY",5.535714285642857,-99999.0,2773423.523809524
"Malvern, AR",5.736111111375,-99999.0,13283274.041666666
"Manchester-Nashua, NH",7.388219544827309,-99191.26554216868,85352049.93975903
"Manhattan, KS",7.153100775034884,-99999.0,14938882.337209303
"Manitowoc, WI",6.76666666664,-99999.0,22583787.786666665
"Mankato, MN",6.94270833334375,-99999.0,31873667.25
"Mansfield, OH",6.438596491263159,-99999.0,23073732.92631579
"Marietta, OH",5.921985815489362,-99999.0,7431605.638297873
"Marinette, WI-MI",5.920634920666666,-99999.0,3730400.619047619
"Marion, IN",6.608974359173077,-99999.0,17592906.576923076
"Marion, NC",5.629032258129032,-99999.0,7104636.451612903
"Marion, OH",6.274853801140351,-99999.0,15032173.368421054
"Marquette, MI",6.922413793155173,-99999.0,5197812.379310345
"Marshall, MN",7.034722221916667,-99999.0,6971343.375
"Marshall, MO",6.7986111114583325,-99999.0,4487966.916666667
"Marshalltown, IA",9.35772357709756,-43611.075121951224,13714796.219512194
"Martin, TN",4.85333333316,-99999.0,7249936.96
"Martinsville, VA",5.684523809482143,-99999.0,12815599.392857144
"Maryville, MO",6.656862745176471,-99999.0,4603694.176470588
"Mason City, IA",9.269230768826922,-53665.33807692308,11760756.057692308
"Mayagüez, PR",3.7363184079402982,-99999.0,0.0
"Mayfield, KY",5.241379310344827,-99999.0,10986317.413793104
"Maysville, KY",5.476190476285715,-99999.0,4648651.142857143
"McAlester, OK",6.238095238023809,-99999.0,3710797.976190476
"McAllen-Edinburg-Mission, TX",7.137810945307463,-99999.0,149344010.51940298
"McComb, MS",6.033333333133333,-99999.0,10043269.133333333
"McMinnville, TN",5.364197530925925,-99999.0,10235236.444444444
"McPherson, KS",6.954022988275862,-99999.0,10049515.51724138
"Meadville, PA",5.808943089390244,-99999.0,7203166.134146341
"Medford, OR",10.262467191629922,-43821.725748031495,29151161.188976377
"Memphis, TN-MS-AR",9.562724014390682,-43802.66676224612,163092778.6344086
"Menomonie, WI",5.609195402344827,-99999.0,14043959.344827587
"Merced, CA",10.915492957795774,-23548.78366197183,31303544.316901408
"Meridian, MS",5.778388278604395,-99999.0,10619113.263736263
"Mexico, MO",6.101449275652174,-99999.0,5390510.956521739
"Miami, OK",6.787356321655173,-99999.0,4447774.931034483
"Miami-Fort Lauderdale-Pompano Beach, FL",12.233360555273581,-22712.609367088608,292478037.0028583
"Michigan City-La Porte, IN",6.99588477365432,-92530.12419753087,34031928.86419753
"Middlesborough, KY",5.326923076961538,-99999.0,3918876.5384615385
"Midland, MI",5.861538461415385,-99999.0,21823821.076923076
"Midland, TX",8.276094276101011,-99999.0,88930023.47474748
"Milledgeville, GA",5.51315789468421,-99999.0,6193893.894736842
"Milwaukee-Waukesha, WI",11.375641025620514,-35135.08958119658,208691212.1213675
"Minden, LA",5.858974358974359,-99999.0,9276640.256410256
"Mineral Wells, TX",6.986111111208333,-99999.0,6292453.25
"Minneapolis-St. Paul-Bloomington, MN-WI",8.895532646019932,-64194.40037113403,282588472.8907217
"Minot, ND",7.494047619053572,-99999.0,17453753.89285714
"Missoula, MT",11.94444444468,-30410.6528,30219996.226666667
"Mitchell, SD",7.785714285857143,-99999.0,5296676.761904762
"Moberly, MO",6.753968253714286,-99999.0,7941417.0
"Mobile, AL",6.927156177195804,-99999.0,54526486.52447552
"Modesto, CA",12.013071895745098,-18561.87320261438,81234556.47712418
"Monroe, LA",6.314225053095542,-99999.0,29374075.0
"Monroe, MI",5.6897018969349595,-99999.0,54277967.38211382
"Montgomery, AL",9.605902777833332,-45788.059340277774,44987229.979166664
"Montrose, CO",6.301801801783784,-97275.88135135135,5210276.972972973
"Morehead City, NC",6.4583333334583335,-99999.0,3429436.263888889
"Morgan City, LA",7.033333333466667,-99999.0,11180196.955555556
"Morgantown, WV",6.449453551885245,-99999.0,19490781.48360656
"Morristown, TN",5.518726591685394,-99999.0,27978685.84269663
"Moscow, ID",6.768817204258064,-99999.0,4923218.9677419355
"Moses Lake, WA",6.815217391478262,-84673.13021739131,8530678.173913043
"Moultrie, GA",6.011111110733333,-99999.0,9721205.3
"Mount Airy, NC",5.748587570644068,-99999.0,11261003.20338983
"Mount Gay-Shamrock, WV",4.978494623580645,-99999.0,2040693.9032258065
"Mount Pleasant, MI",6.068376068282051,-99999.0,19182285.794871796
"Mount Pleasant, TX",5.994623655870968,-99999.0,11821756.193548387
"Mount Sterling, KY",4.9583333334375,-99999.0,13499740.28125
"Mount Vernon, IL",5.486486486378379,-99999.0,11411549.35135135
"Mount Vernon, OH",6.358695652282608,-99999.0,15218071.804347826
"Mount Vernon-Anacortes, WA",6.7479166665875,-97472.43737500001,14260089.45
"Mountain Home, AR",6.033333333466667,-99999.0,8294968.1
"Mountain Home, ID",7.0729166663125,-99999.0,3209812.5625
"Muncie, IN",7.288194444604167,-99999.0,24577720.010416668
"Murray, KY",6.1935483869354835,-99999.0,11097255.064516129
"Muscatine, IA",9.33333333367647,-52798.56735294118,26482569.26470588
"Muskegon, MI",6.802919708,-99999.0,35076949.08759124
"Muskogee, OK",7.109289617557376,-99999.0,12288240.62295082
"Myrtle Beach-Conway-North Myrtle Beach, SC-NC",6.6094632769025425,-99146.19775423729,34942522.41949152
"Nacogdoches, TX",5.846491228026316,-99999.0,15115979.684210526
"Napa, CA",7.9083333334,-94956.9523,46281219.19
"Naples-Marco Island, FL",7.199999999962163,-98909.14362162162,50803676.65405405
"Nashville-Davidson--Murfreesboro--Franklin, TN",8.111111111147691,-68532.67116923077,204280994.19487178
"Natchez, MS-LA",6.074829931877551,-99999.0,5148186.040816327
"Natchitoches, LA",5.785714285885714,-99999.0,6077800.457142857
"New Bern, NC",6.198795180698795,-99999.0,9884362.662650602
"New Castle, IN",6.065040650341463,-99999.0,17774729.073170733
"New Castle, PA",6.865800865727273,-99999.0,28939845.66233766
"New Haven-Milford, CT",10.965617715555943,-28879.69963286713,144743015.01223776
"New Orleans-Metairie, LA",10.234321744993865,-55047.19133946831,119587758.2208589
"New Philadelphia-Dover, OH",7.093434343363636,-99999.0,28344562.257575758
"New Ulm, MN",7.564102564115386,-99999.0,7117509.307692308
"New York-Newark-Jersey City, NY-NJ-PA",8.527863954967597,-75542.34532574975,166239814.3471217
"Newberry, SC",5.193548387064516,-99999.0,11195166.41935484
"Newport, OR",10.141025640948717,-40700.301538461536,2668387.4102564105
"Newport, TN",4.7160493828148145,-99999.0,10924533.629629629
"Niles, MI",6.314814814861111,-99999.0,23291043.618055556
"Nogales, AZ",5.7272727274848485,-99999.0,3843816.9393939395
"Norfolk, NE",7.1865079365952385,-97593.10095238096,10588695.095238095
"North Platte, NE",7.8842592591111105,-94402.8938888889,7169981.444444444
"North Port-Sarasota-Bradenton, FL",11.464074074006666,-29381.483066666668,57129425.31555556
"North Vernon, IN",4.735294117705883,-99999.0,10928020.705882354
"North Wilkesboro, NC",4.666666666698113,-99999.0,7354556.528301887
"Norwalk, OH",6.048611111145834,-99999.0,14654944.1875
"Norwich-New London, CT",9.214539006898937,-53517.74010638298,41548887.83510638
"Oak Harbor, WA",9.020467836421052,-41769.04403508772,3403799.2280701753
"Ocala, FL",7.351428571462857,-78719.62908571429,32272197.057142857
"Ocean City, NJ",10.58658008683117,-45115.84987012987,11370626.38961039
"Odessa, TX",7.602803738401869,-99999.0,63274320.99065421
"Ogden-Clearfield, UT",11.08963178289535,-33042.15090116279,88284430.43895349
"Ogdensburg-Massena, NY",5.752380952333334,-99999.0,2618644.6666666665
"Oil City, PA",5.992753623260869,-99999.0,5273065.5
"Okeechobee, FL",5.863095238071429,-99999.0,4571536.035714285
"Oklahoma City, OK",9.573889993422465,-60014.50439363817,111696679.45924453
"Olean, NY",5.8499999999375,-93699.64225,4592015.3875
"Olympia-Lacey-Tumwater, WA",9.26979166679375,-42784.4356875,45214540.75
"Omaha-Council Bluffs, NE-IA",9.991993257495574,-55908.49874841972,113480003.69279394
"Oneonta, NY",5.403030303018182,-99999.0,4427235.927272728
"Ontario, OR-ID",8.811594202760869,-65173.64826086956,5031320.934782608
"Opelousas, LA",6.401515151560607,-99999.0,19945561.363636363
"Orangeburg, SC",5.559360730671233,-99999.0,11516294.90410959
"Orlando-Kissimmee-Sanford, FL",10.111991869869511,-55947.63496341464,267034524.1195122
"Oshkosh-Neenah, WI",9.73643410855814,-57179.48333333333,75471533.35658915
"Oskaloosa, IA",9.400000000750001,-44801.802500000005,8486705.65
"Othello, WA",7.855555555533333,-53048.214,3914416.7333333334
"Ottawa, IL",6.75888888886,-99999.0,11108627.38
"Ottawa, KS",6.224637681043478,-99999.0,17286664.260869566
"Ottumwa, IA",6.5855855858918915,-99999.0,10662395.108108109
"Owatonna, MN",6.666666666884615,-96120.59461538462,25941934.03846154
"Owensboro, KY",6.65476190475,-99999.0,31644237.20238095
"Oxford, MS",5.632183907965517,-99999.0,13253055.51724138
"Oxnard-Thousand Oaks-Ventura, CA",11.557568438176329,-33980.67099033816,88921469.8478261
"Ozark, AL",5.418604651116279,-99999.0,9002238.255813954
"Paducah, KY-IL",6.327380952345239,-99999.0,15572779.82142857
"Pahrump, NV",5.123188405869565,-99999.0,2628926.913043478
"Palatka, FL",5.773224043655738,-98342.89721311476,3600698.3606557376
"Palestine, TX",5.435897435692308,-99999.0,7014417.58974359
"Palm Bay-Melbourne-Titusville, FL",9.999469214312102,-41630.727675159236,38563314.929936305
"Pampa, TX",7.626666666879999,-99999.0,4125759.28
"Panama City, FL",10.210280373869159,-47329.110841121495,24136993.831775703
"Paragould, AR",5.788461538461538,-99999.0,21843884.384615384
"Paris, TN",5.202380952142858,-99999.0,5810113.821428572
"Paris, TX",6.434210526447369,-99999.0,11310112.131578946
"Parkersburg-Vienna, WV",7.043378995369864,-99999.0,14717065.93150685
"Parsons, KS",6.818181818318181,-99999.0,5165150.590909091
"Payson, AZ",5.455555555444445,-99999.0,1453611.7777777778
"Pearsall, TX",5.736111111083333,-99999.0,5714735.25
"Pecos, TX",8.41666666725,-99999.0,3715330.25
"Pella, IA",6.672619047678571,-99999.0,13287699.17857143
"Pensacola-Ferry Pass-Brent, FL",9.050995024902985,-57247.237276119406,36961294.186567165
"Peoria, IL",8.819137749804417,-59757.57214511041,48655670.05047318
"Peru, IN",5.884259259388888,-99999.0,8509397.5
"Philadelphia-Camden-Wilmington, PA-NJ-DE-MD",10.557485525270057,-43680.91930521092,235181245.1993383
"Phoenix-Mesa-Chandler, AZ",10.772466039599921,-40760.82430642633,224189629.18769592
"Picayune, MS",5.38172043016129,-99999.0,10737161.322580645
"Pierre, SD",7.911764706294116,-99999.0,4987862.0
"Pine Bluff, AR",6.185823754724138,-99999.0,11915593.770114943
"Pinehurst-Southern Pines, NC",5.883040935561404,-99999.0,14742445.07017544
"Pittsburg, KS",7.222222222090909,-99999.0,11775226.93939394
"Pittsburgh, PA",9.72003631961138,-59442.48805690072,94511836.76755448
"Pittsfield, MA",9.163170163503498,-45800.791748251744,7766146.587412587
"Plainview, TX",6.755555555433333,-99999.0,9288758.433333334
"Platteville, WI",6.217391304326087,-99999.0,7751446.543478261
"Plattsburgh, NY",5.484444444426667,-99999.0,6813403.666666667
"Plymouth, IN",5.640350877026315,-99999.0,15882241.789473685
"Pocatello, ID",7.228855721507463,-99999.0,18229796.67164179
"Point Pleasant, WV-OH",4.882978723531915,-99999.0,3121346.765957447
"Ponca City, OK",7.552631579157896,-99999.0,6298991.552631579
"Ponce, PR",4.287698412714286,-99999.0,0.0
"Pontiac, IL",6.319047619228572,-99999.0,8181538.428571428
"Poplar Bluff, MO",5.8503401360204075,-99999.0,6917850.040816327
"Port Angeles, WA",8.639393939436363,-50661.44981818182,4956977.872727273
"Port Lavaca, TX",6.8703703701666665,-99999.0,6828579.055555556
"Port St. Lucie, FL",7.066378066367965,-99999.0,42525961.53679654
"Portales, NM",6.6960784311764705,-99999.0,4839803.94117647
"Portland-South Portland, ME",8.209706959651099,-76813.47799450549,43983852.65934066
"Portland-Vancouver-Hillsboro, OR-WA",12.275560771991394,-27032.46594679186,136833261.25273865
"Portsmouth, OH",5.900462963041666,-99999.0,6620152.416666667
"Pottsville, PA",6.890313390205128,-99999.0,14063046.743589744
"Poughkeepsie-Newburgh-Middletown, NY",7.529973649498024,-84063.09442687748,36906629.45652174
"Prescott Valley-Prescott, AZ",7.128654970754385,-86755.51105263158,7803909.859649123
"Price, UT",7.0357142852142855,-99999.0,4605734.928571428
"Prineville, OR",7.94791666675,-68561.47125,4258202.25
"Providence-Warwick, RI-MA",11.55205154288403,-33958.65871820956,131955115.66429298
"Provo-Orem, UT",10.738235294179413,-46404.06873529412,93778836.72058824
"Pueblo, CO",7.204134366930233,-98437.93015503876,21503928.837209303
"Pullman, WA",6.220430107677419,-99999.0,8870612.64516129
"Punta Gorda, FL",7.243827160314815,-99062.92555555556,16077886.138888888
"Quincy, IL-MO",6.808823529514705,-99999.0,14068543.44117647
"Racine, WI",10.565843621203703,-44273.57833333334,89372116.14814815
"Raleigh-Cary, NC",9.201801801938739,-62647.026468468466,173431037.25045046
"Rapid City, SD",7.4053497943703706,-99999.0,16198022.901234567
"Raymondville, TX",5.9166666666875,-99999.0,14501784.625
"Reading, PA",7.619909502280543,-99999.0,109640997.32126696
"Red Bluff, CA",8.414728681860465,-53251.799999999996,5220158.488372093
"Red Wing, MN",6.837837837810811,-89113.81081081081,16634918.027027028
"Redding, CA",8.937659033145039,-50853.207022900766,16880393.687022902
"Reno, NV",9.865105908702342,-47568.947993311034,56219773.32107023
"Rexburg, ID",6.593137255029411,-99999.0,13112640.55882353
"Richmond, IN",6.630718954215686,-99999.0,22479687.11764706
"Richmond, VA",8.519774011234462,-69050.80563559322,150431230.52542374
"Richmond-Berea, KY",5.8220338984237285,-99999.0,29138360.20338983
"Rio Grande City-Roma, TX",5.391891891864865,-99999.0,9397348.243243244
"Riverside-San Bernardino-Ontario, CA",10.798614429133778,-32486.43644529384,172498579.27759197
"Riverton, WY",6.574712643689654,-99999.0,3511638.5862068967
"Roanoke Rapids, NC",5.337899543479452,-99999.0,3784470.02739726
"Roanoke, VA",9.0526315790622,-54825.16961722488,53627782.913875595
"Rochelle, IL",6.08712121225,-99999.0,16568768.75
"Rochester, MN",7.583832335365269,-77096.35401197604,33129205.83233533
"Rochester, NY",9.601626016196342,-44384.14051219512,92646249.74268293
"Rock Springs, WY",7.210784313558824,-99999.0,8327028.676470588
"Rockford, IL",7.078431372519031,-99301.44778546713,60541759.512110725
"Rockingham, NC",5.934959349585366,-99999.0,6997819.536585365
"Rockport, TX",7.2105263159473685,-99999.0,13703294.0
"Rocky Mount, NC",8.190476190303572,-66013.24348214285,18100695.64285714
"Rolla, MO",6.092592592722222,-99999.0,7580665.638888889
"Rome, GA",6.0773809524107145,-99999.0,23914288.82142857
"Roseburg, OR",8.556910568963414,-53420.490853658535,5813176.719512195
"Roswell, NM",7.7973856211764705,-99999.0,9197534.411764706
"Ruidoso, NM",7.238095238071429,-99999.0,2218409.0714285714
"Russellville, AR",5.85666666678,-99999.0,17056056.32
"Ruston, LA",6.311827957032258,-99999.0,19392458.387096774
"Rutland, VT",9.097222222716665,-53113.19183333333,6387112.516666667
"Sacramento-Roseville-Folsom, CA",11.677480916106108,-30170.610480916028,165122270.25496182
"Safford, AZ",5.701149425310345,-99999.0,2491661.1379310344
"Saginaw, MI",6.5843137254999995,-99999.0,33651239.464705884
"Salem, OH",6.221611721615385,-99999.0,19725420.01098901
"Salem, OR",11.491416308785409,-30962.69193133047,55843445.21030043
"Salina, KS",10.74666666676,-31690.792999999998,18084998.84
"Salinas, CA",11.617829457744188,-23368.520883720932,50479980.94418605
"Salisbury, MD-DE",7.4182272159475655,-82655.84868913858,16382775.913857678
"Salt Lake City, UT",13.018216421952692,-17996.692789559544,244920300.05057096
"San Angelo, TX",7.591836734561225,-99999.0,21592576.663265307
"San Antonio-New Braunfels, TX",10.344135802416668,-38210.24622685185,285254608.6751543
"San Diego-Chula Vista-Carlsbad, CA",11.666109625725268,-29352.42457219251,247556023.86965242
"San Francisco-Oakland-Berkeley, CA",12.085934877525679,-33231.13848942598,234826294.79254782
"San Germán, PR",3.363636363647727,-99999.0,0.0
"San Jose-Sunnyvale-Santa Clara, CA",13.192604276154574,-14466.798506834912,284619967.16298634
"San Juan-Bayamón-Caguas, PR",4.556994160958872,-99999.0,0.0
"San Luis Obispo-Paso Robles, CA",10.716356107801241,-38191.38627329193,24677756.378881987
"Sandpoint, ID",6.152380952171429,-99999.0,2592755.4285714286
"Sandusky, OH",9.398550724753624,-57779.76202898551,22164246.492753625
"Sanford, NC",6.045045045081081,-99999.0,21505906.81081081
"Santa Cruz-Watsonville, CA",11.533519553000001,-31546.45782122905,29573469.91620112
"Santa Fe, NM",9.107260725851486,-60159.544653465346,19473705.405940592
"Santa Isabel, PR",4.155555555466667,-99999.0,0.0
"Santa Maria-Santa Barbara, CA",10.490740740803703,-53075.871296296296,36001041.21481481
"Santa Rosa-Petaluma, CA",10.815445026390051,-38455.50651832461,43801781.30366492
"Sault Ste. Marie, MI",5.7129629629166665,-99999.0,2672447.027777778
"Savannah, GA",9.74759615370673,-38155.50730769231,56696120.711538464
"Sayre, PA",6.146198830403509,-98227.85578947369,4876465.105263158
"Scottsbluff, NE",7.179824561421052,-99999.0,7902305.894736842
"Scottsboro, AL",4.803030303,-99999.0,5999761.0
"Scottsburg, IN",5.583333333222223,-99999.0,23188330.333333332
"Scranton--Wilkes-Barre, PA",7.5658295281575345,-99999.0,36256733.60958904
"Searcy, AR",5.971014492869566,-99999.0,19654523.63043478
"Seattle-Tacoma-Bellevue, WA",11.345084039970548,-27665.46336903168,155202282.20169568
"Sebastian-Vero Beach, FL",7.277777777806452,-99999.0,19817802.88172043
"Sebring-Avon Park, FL",6.440928269949367,-99999.0,6408425.645569621
"Sedalia, MO",7.194444444388889,-99999.0,9893336.583333334
"Selinsgrove, PA",6.545977011586207,-99999.0,12806566.24137931
"Selma, AL",6.043859649078947,-99999.0,4896051.315789473
"Seneca Falls, NY",6.009009009162162,-99999.0,7312228.513513514
"Seneca, SC",6.0256410255192305,-86430.53846153847,11985036.884615384
"Sevierville, TN",6.0265151515227275,-99999.0,52335925.36363637
"Seymour, IN",6.400000000314286,-99999.0,15664987.228571428
"Shawano, WI",5.94444444469697,-99999.0,11586661.0
"Shawnee, OK",6.905660377283018,-99999.0,20309640.83018868
"Sheboygan, WI",7.2156862743676475,-99999.0,49983580.691176474
"Shelby, NC",5.891774891792208,-99999.0,18275671.87012987
"Shelbyville, TN",5.380000000160001,-99999.0,29530559.6
"Shelton, WA",6.445578231326531,-75409.7406122449,4508306.673469388
"Sheridan, WY",7.746031746190477,-99999.0,6294439.714285715
"Sherman-Denison, TX",6.378623188456522,-99999.0,27762910.326086957
"Show Low, AZ",5.320512820461539,-97409.81999999999,1707161.0256410257
"Shreveport-Bossier City, LA",6.542528735617242,-99999.0,55607878.25862069
"Sidney, OH",5.99572649548718,-99999.0,25817790.794871796
"Sierra Vista-Douglas, AZ",6.148514851564356,-99999.0,3280054.7722772276
"Sikeston, MO",7.380952381028572,-99999.0,11009868.371428572
"Silver City, NM",6.1799999998,-99999.0,2637522.56
"Sioux City, IA-NE-SD",11.073383084880597,-32580.689925373135,22459915.246268656
"Sioux Falls, SD",10.257201646209877,-49158.611296296294,50054810.790123455
"Snyder, TX",7.440476190285715,-99999.0,4186774.8571428573
"Somerset, KY",5.643410852813954,-99999.0,14863886.860465117
"Somerset, PA",6.140845070535212,-99999.0,7307122.9718309855
"Sonora, CA",6.302083333354166,-91602.66145833333,3236986.9166666665
"South Bend-Mishawaka, IN-MI",6.969635627493927,-99999.0,52156072.22267207
"Spartanburg, SC",6.323076922979487,-99999.0,51506463.441025645
"Spearfish, SD",7.078431372117647,-99999.0,5072773.411764706
"Spencer, IA",6.842592592722222,-99999.0,6426337.722222222
"Spirit Lake, IA",7.299999999600001,-99999.0,7157342.533333333
"Spokane-Spokane Valley, WA",10.768205128187692,-35710.667969230766,47753983.227692306
"Springfield, IL",10.158854166453125,-35684.61890625,34119796.390625
"Springfield, MA",10.232574189060042,-41326.91904761904,85843839.1552795
"Springfield, MO",7.098191214515504,-99999.0,59541720.07364341
"Springfield, OH",6.562962963007408,-99999.0,38675090.79259259
"St. Cloud, MN",7.028455284609756,-95084.66983739838,42414253.853658535
"St. George, UT",7.906432748403509,-99999.0,38368704.07017544
"St. Joseph, MO-KS",7.199669966940594,-99999.0,23102008.742574256
"St. Louis, MO-IL",9.94849597767891,-54168.552324239245,184207740.71038824
"St. Marys, GA",5.893333333399999,-99999.0,11417777.32
"St. Marys, PA",6.209876543185185,-99999.0,5967730.962962963
"Starkville, MS",5.799999999828572,-99999.0,15966402.0
"State College, PA",9.821568627341177,-48039.10294117647,18105263.45882353
"Statesboro, GA",6.030701754710527,-99999.0,13030512.55263158
"Staunton, VA",6.097378277213483,-99999.0,20715138.449438203
"Steamboat Springs, CO",7.0,-99999.0,5302434.421052632
"Stephenville, TX",6.438271605,-99999.0,9605538.592592593
"Sterling, CO",7.3437500003125,-99999.0,5329914.5625
"Sterling, IL",6.4892473119838705,-99999.0,8990479.274193548
"Stevens Point, WI",6.56333333344,-99999.0,20600304.82
"Stillwater, OK",7.43000000026,-99999.0,12652995.68
"Stockton, CA",10.99957155084319,-37723.602750642676,95174496.61439589
"Storm Lake, IA",6.6333333334,-99999.0,7819433.4
"Sturgis, MI",5.059523809285714,-99999.0,14715635.42857143
"Sulphur Springs, TX",5.413580246851852,-99999.0,10158619.370370371
"Summerville, GA",5.098484848272727,-99999.0,4617658.681818182
"Sumter, SC",5.87457044685567,-98956.2612371134,17079150.216494847
"Sunbury, PA",7.365296803479452,-99999.0,14035175.575342465
"Susanville, CA",7.74,-59813.1988,1883963.84
"Sweetwater, TX",7.470588235176471,-99999.0,4313990.823529412
"Syracuse, NY",10.130493576720081,-39330.557038539555,54094888.23123732
"Tahlequah, OK",5.7395833331875,-99999.0,6402087.8125
"Talladega-Sylacauga, AL",5.487654320962963,-99999.0,13424772.722222222
"Tallahassee, FL",8.529710144917392,-57178.15134782609,44111687.66521739
"Tampa-St. Petersburg-Clearwater, FL",10.877486911072776,-39336.996240837696,130340990.92408377
"Taos, NM",6.378787878909091,-99999.0,4022807.409090909
"Taylorville, IL",6.400900900891893,-99999.0,7918937.891891892
"Terre Haute, IN",7.8660714286488105,-73060.09916666667,12157993.625
"Texarkana, TX-AR",6.315860215040322,-99999.0,19005187.69354839
"The Dalles, OR",9.138888888666667,-55211.151666666665,4863178.833333333
"The Villages, FL",5.634146341463414,-99999.0,38928911.780487806
"Thomaston, GA",5.5079365077619045,-99999.0,5505420.0
"Thomasville, GA",5.986111111,-99999.0,11103487.722222222
"Tiffin, OH",6.675438596456141,-99999.0,10670998.385964911
"Tifton, GA",7.505376344,-99999.0,12173402.741935484
"Toccoa, GA",6.740740740833334,-99999.0,11399111.5
"Toledo, OH",10.287552363967684,-42154.91983842011,63394422.524236985
"Topeka, KS",9.467948718126374,-46460.62472527472,43963321.3021978
"Torrington, CT",7.502331002482517,-80299.31321678321,43665118.797202796
"Traverse City, MI",6.9903846153269225,-83574.67009615384,13600704.586538462
"Trenton-Princeton, NJ",11.749999999918368,-29785.09178571429,250288166.37244898
"Troy, AL",5.362318840521739,-99999.0,7614085.739130435
"Truckee-Grass Valley, CA",7.786666666546666,-69191.78666666667,6406210.066666666
"Tucson, AZ",10.593562465983632,-33540.592585924715,61497319.939443536
"Tullahoma-Manchester, TN",5.453846153969232,-99999.0,16368623.63076923
"Tulsa, OK",9.391835673609984,-56520.9672698908,100829027.31669267
"Tupelo, MS",5.324483775911504,-99999.0,18641899.548672568
"Tuscaloosa, AL",6.1517094016666665,-99999.0,36730562.09615385
"Twin Falls, ID",7.286764705823529,-99999.0,23060767.44117647
"Tyler, TX",7.140625000109375,-99999.0,59479040.921875
"Ukiah, CA",8.963675213820512,-54930.079487179486,4720484.807692308
"Union City, TN",5.202380952321429,-99999.0,5583976.821428572
"Union, SC",4.932098765296296,-99999.0,6315939.037037037
"Urban Honolulu, HI",11.382395382450216,-22021.425800865803,112852688.67316018
"Urbana, OH",5.083333333176471,-99999.0,19004217.647058822
"Utica-Rome, NY",8.632638888808334,-59864.82408333333,24071605.504166666
"Uvalde, TX",6.935185185222222,-99999.0,5647949.277777778
"Valdosta, GA",6.14492753625,-99999.0,19147160.27173913
"Vallejo, CA",12.126045400172043,-19777.74028673835,53730716.01792115
"Van Wert, OH",6.178571428571429,-99999.0,12188518.17857143
"Vermillion, SD",6.527777777833333,-99999.0,5972128.166666667
"Vernal, UT",6.4912280698947376,-99999.0,7004916.263157895
"Vernon, TX",7.444444445083334,-99999.0,5266541.833333333
"Vicksburg, MS",6.320512820358974,-99999.0,8832463.974358974
"Victoria, TX",6.999999999913044,-99999.0,20279218.028985508
"Vidalia, GA",5.854838709903226,-99999.0,6005071.677419355
"Vincennes, IN",7.042735042666666,-99999.0,7599516.871794872
"Vineland-Bridgeton, NJ",8.70666666658,-55735.4674,44992198.46
"Vineyard Haven, MA",10.516666667500001,-34512.756,1808873.75
"Virginia Beach-Norfolk-Newport News, VA-NC",10.058333333435344,-41729.849543103446,120771058.06637931
"Visalia, CA",7.356172839588889,-91030.69659259259,32281707.096296296
"Wabash, IN",6.545454545272728,-99999.0,8946958.181818182
"Waco, TX",6.883809523737143,-99999.0,53087487.394285716
"Wahpeton, ND-MN",6.405797101391304,-99999.0,3742147.695652174
"Walla Walla, WA",8.914728682046512,-69561.27255813954,13528662.53488372
"Wapakoneta, OH",6.556910568975609,-99999.0,16207194.048780488
"Warner Robins, GA",6.819767441767442,-99999.0,26593176.848837208
"Warren, PA",6.000000000069768,-99999.0,4785314.279069767
"Warrensburg, MO",6.138095238228571,-99999.0,12968852.514285713
"Warsaw, IN",6.040935672526316,-99999.0,20205611.666666668
"Washington Court House, OH",5.935897435961538,-99999.0,11854375.692307692
"Washington, IN",7.091954022896552,-99999.0,7110969.068965517
"Washington, NC",5.9285714286571425,-99999.0,6995489.828571429
"Washington-Arlington-Alexandria, DC-VA-MD-WV",9.652280858661001,-48651.54961538462,252155620.04874778
"Waterloo-Cedar Falls, IA",7.503816794053435,-99999.0,34538156.64885496
"Watertown, SD",7.801282051807693,-99999.0,6489572.653846154
"Watertown-Fort Atkinson, WI",6.932748538122807,-99999.0,49767140.614035085
"Watertown-Fort Drum, NY",5.937499999979167,-99999.0,7187828.802083333
"Wauchula, FL",6.2749999997,-99999.0,4205985.75
"Wausau-Weston, WI",6.571059431418605,-99999.0,21899333.372093022
"Waycross, GA",6.629629629711111,-99999.0,8601646.577777777
"Weatherford, OK",7.97727272740909,-99999.0,6316141.7272727275
"Weirton-Steubenville, WV-OH",6.267507002764706,-99999.0,7432586.344537815
"Wenatchee, WA",10.033730158904762,-41436.83892857143,11578916.488095239
"West Plains, MO",6.203125,-99999.0,4400244.8125
"West Point, MS",5.88235294082353,-99999.0,7798613.705882353
"Wheeling, WV-OH",6.955555555688889,-99999.0,10362400.74074074
"Whitewater, WI",6.423529411917647,-99999.0,40820077.035294116
"Wichita Falls, TX",7.070666666592,-99999.0,21127251.0
"Wichita, KS",9.87713437277951,-50299.843697104676,90732839.41202673
"Williamsport, PA",6.9655797101956525,-99999.0,18024701.18478261
"Williston, ND",7.686274509882353,-99999.0,21059163.11764706
"Willmar, MN",6.63725490164706,-99999.0,11800995.05882353
"Wilmington, NC",9.80855855839865,-58568.127364864864,47294900.716216214
"Wilmington, OH",5.3333333334374995,-99999.0,18019611.0625
"Wilson, NC",6.712962962833334,-99999.0,25066200.37037037
"Winchester, VA-WV",6.513565891627907,-99999.0,30251256.61627907
"Winfield, KS",6.661616161575758,-99999.0,7824846.515151516
"Winnemucca, NV",6.023809524,-99999.0,2254307.6428571427
"Winona, MN",7.380952381171429,-91351.36657142857,15112522.42857143
"Winston-Salem, NC",6.429723502352534,-95118.95562211981,73346451.44930875
"Wisconsin Rapids-Marshfield, WI",7.039351851777777,-99999.0,11323492.333333334
"Woodward, OK",6.969696969409091,-99999.0,3613517.3636363638
"Wooster, OH",6.394308943109756,-99999.0,47592862.82926829
"Worcester, MA-CT",9.093016912234042,-57866.09265139116,78400870.41571195
"Worthington, MN",6.007575757545454,-99999.0,6411132.136363637
"Yakima, WA",7.697072071885135,-78220.96439189189,31074421.277027026
"Yankton, SD",6.956140351210527,-99999.0,6295710.7894736845
"Yauco, PR",3.9452054794657534,-99999.0,0.0
"York-Hanover, PA",8.918378995530823,-61782.823150684926,69269079.9109589
"Youngstown-Warren-Boardman, OH-PA",6.612508059344294,-99999.0,38702676.21470019
"Yuba City, CA",10.143081761056603,-40292.76452830189,15772088.188679244
"Yuma, AZ",10.012910797964789,-34141.912746478876,16780754.401408453
"Zanesville, OH",6.377777777626666,-99999.0,15197050.706666667
"Zapata, TX",6.592592592111112,-99999.0,1617875.6666666667
